{
  "aggregate": {
    "n": 17,
    "recall5": 0.07352941176470588,
    "recall10": 0.1323529411764706,
    "mrr": 0.08813833225597932,
    "p50LatencyMs": 1062,
    "p95LatencyMs": 10544
  },
  "perQuery": [
    {
      "id": "q-001",
      "query": "我最近干了啥",
      "recall5": 0,
      "recall10": 0,
      "mrr": 0,
      "latencyMs": 10544,
      "rankedTopK": [
        "3aee7b70-79c6-4948-92c4-65eafede9e72",
        "66288a01-e8c7-418e-85f2-2cc345ded48a",
        "5511f93e-a19d-4605-8dee-c34d1f55ae44",
        "62ff17ca-5e1d-4fe6-aab9-bd7b9e548edb",
        "6affd2bb-7ddb-4af9-a668-42440264ae37",
        "6f098e5f-d7af-4bd9-85f4-5de13ae7c97d",
        "487a2831-22f6-4b6a-86f5-baa02237f2be",
        "3561d381-f381-40bd-b2fe-db61ce5175a9",
        "6f9f0278-ef04-4452-b925-ab2ed1b987bc",
        "6c02b848-753d-4ed1-80f5-a86c930d1216",
        "1da77465-4d94-4b41-8e7e-6b266ac13a2a",
        "ef22afe8-a11d-4d68-b42a-8529cdee3b3e",
        "0ae1b143-8745-4ba5-b741-46d268c0a76f",
        "4c0b7cdf-512b-45d4-9400-4ab13cfdb1d5",
        "38940e91-4b43-4569-b807-1b6b0d714748",
        "bb7dd9e8-c9b4-4792-a497-dd672dbe13f5"
      ],
      "relevant": [
        "4718acd2-0d01-4719-a677-8bba178aab64",
        "bc5cd317-37b1-4da5-b739-338b81fad81f",
        "ee61b8a0-4b5f-49d3-996d-0a39609f4824",
        "d60bb102-0a64-44d1-ba15-701f837d3442",
        "6cf9bc1a-9708-4582-b1d1-e2bbba23a976"
      ]
    },
    {
      "id": "q-002",
      "query": "Summarize my recent notes",
      "recall5": 0,
      "recall10": 0,
      "mrr": 0,
      "latencyMs": 944,
      "rankedTopK": [
        "da41651b-ccd8-44ba-bd90-d31fec432760",
        "591ea0dc-fc7a-483d-b3c6-3a402fd4ef06",
        "cab2c843-bec3-4083-bc61-af38c51a7cad",
        "7a0057ad-e1d4-4b15-b598-bace564d3313",
        "4bc45120-41b0-44b9-b26d-78edbe6a9f75",
        "3c97d292-9dd4-407a-877f-ec71a03df5b9",
        "e5765704-6415-4470-89e4-8b6e26bc62ec",
        "cb39108f-25a0-47dc-b744-c0ff12268816",
        "19a78624-0702-4303-8796-889f5383a964",
        "892dcf9e-9ebb-4ab7-b88a-aa2e995e8a20",
        "ad13aec3-dce9-4bea-b249-ec6c7f833310",
        "51c159e3-b656-4e67-a4be-bfe6f44ae417",
        "7936d55a-70fc-4ca0-9319-4f041da83897",
        "238607c7-bdcb-4e7c-ba3d-17f1c82ae70c",
        "c3df4fb6-0db7-4606-9d5a-52cd97cdf56b",
        "42dba2ee-3b6d-4160-b119-62cb53415081"
      ],
      "relevant": [
        "4718acd2-0d01-4719-a677-8bba178aab64",
        "aefec373-18fd-4118-a0c4-7589a96357e7",
        "653ddadb-ce15-425e-a1e6-503301ffc2db",
        "ee61b8a0-4b5f-49d3-996d-0a39609f4824",
        "bc5cd317-37b1-4da5-b739-338b81fad81f"
      ]
    },
    {
      "id": "q-003",
      "query": "看看我今天的日记写的啥",
      "recall5": 0,
      "recall10": 0,
      "mrr": 0,
      "latencyMs": 1048,
      "rankedTopK": [
        "952923db-2e28-4131-ac31-da9886c91d8b",
        "a2c71c34-99d0-4086-8a4b-a98a7d219410",
        "642fc12c-0b34-416f-bf4d-ba5bd917fe57",
        "2879d555-4f38-4fd3-9a62-59dbe54c7025",
        "aa8d3de6-5da7-44b4-8ffa-b9514371a184",
        "2677bb81-79a5-4c82-a08f-8cb5408e068d",
        "7582a40f-b8a0-4bfc-a3a0-dbfa258dfdcd",
        "0b31f997-a1ae-4007-b77b-a9e2408b4e8c",
        "27905ae0-ac96-403c-ae61-1f861e6e67f3",
        "2a5c80ee-8587-490e-8f11-045f0c9f4ba9",
        "07e4bc70-4b6f-44f7-8a2c-5a0a2275da86",
        "e1a01b0f-257b-4a7e-a205-70df98376a64",
        "753a8206-242a-485c-bafa-7795e711dd9a",
        "8e5cb351-eefa-492a-841a-0a7777d9cf26",
        "b1336ba7-2182-4abb-8cee-31c7bd93d9b1",
        "8984647b-3986-43bf-895d-7cf146f5aacc"
      ],
      "relevant": [
        "4718acd2-0d01-4719-a677-8bba178aab64"
      ]
    },
    {
      "id": "q-004",
      "query": "看看我是什么样的人",
      "recall5": 0,
      "recall10": 0,
      "mrr": 0,
      "latencyMs": 979,
      "rankedTopK": [
        "b8c398ed-1a3f-4c3c-8461-55e25c6ef8e1",
        "f3872f0f-49bb-4600-b56e-a395402d92e6",
        "3d6a7e5f-0494-45f6-8315-de3f62c8d1ac",
        "00457aad-8c91-4aa4-bdd3-196ab0dd4792",
        "395455fe-0531-4474-bd5c-085390a11e63",
        "03589f00-da5d-4901-887a-250057f59510",
        "30999de4-2704-4900-985f-0dd1be8e245d",
        "981471f5-5a1e-490c-85d1-c03624ff95c1",
        "a89a061a-92f0-4b64-b726-852b11719fb2",
        "87daa9a0-e948-4130-a972-e998663f2c99",
        "0c71628a-449f-421c-ac59-979e0c5f057d",
        "78a280cc-17ca-4f01-8765-bdf3a21a0773",
        "dffa0ced-b132-4614-8094-6b0e1904d406",
        "cde8eab5-83ce-453f-a802-fd80e7a4e00f",
        "28e8860e-0cd6-4f16-8005-9e76c2d07e26",
        "eb29e86c-eeb8-4b9b-b1b4-e6123475eda8"
      ],
      "relevant": [
        "4718acd2-0d01-4719-a677-8bba178aab64",
        "ee61b8a0-4b5f-49d3-996d-0a39609f4824",
        "6cf9bc1a-9708-4582-b1d1-e2bbba23a976",
        "052270c0-9b04-40ed-97dc-20bf6a2aeaf1",
        "3a334bfe-d452-4d32-941b-3bf0794001f7"
      ]
    },
    {
      "id": "q-005",
      "query": "评价一下我",
      "recall5": 0,
      "recall10": 0,
      "mrr": 0,
      "latencyMs": 1230,
      "rankedTopK": [
        "c4cd45e1-c7b3-4e28-8c57-d8a69e9cf831",
        "3d3e5036-4729-4c87-a2ed-9dd1939c40b1",
        "2d6aedac-3877-4dfd-af05-839b2a4be9fd",
        "3c8388e0-85e4-47cc-a96f-d90159945393",
        "5fee7d1f-b407-4bb2-9c21-d7abaa38ac6f",
        "921d1cff-b30b-498e-b038-91a0a053a5a1",
        "6a354537-c6c3-47e9-956a-829c78c55a5f",
        "67a119d7-3410-4ae7-96b2-255731bf0e43",
        "f305fa52-5a33-48a2-a58c-4c2bda69dd1a",
        "d4185b7a-6de8-415e-8a88-3018d7a11c97",
        "9711b487-f32c-4d92-8f32-e3d1b9ee832e",
        "efb27e9e-c383-4b51-b750-2f1dcf82ced4",
        "49381f2f-b79f-4dbd-837e-743200b71f79",
        "2e1d313c-5223-4258-96f5-0a65eda47d9f",
        "6adf00d2-5921-402a-a5f8-4bd5f96576d0",
        "b3101af2-4c51-4045-8682-36b5c26748dd"
      ],
      "relevant": [
        "4718acd2-0d01-4719-a677-8bba178aab64",
        "6cf9bc1a-9708-4582-b1d1-e2bbba23a976",
        "ee61b8a0-4b5f-49d3-996d-0a39609f4824",
        "052270c0-9b04-40ed-97dc-20bf6a2aeaf1"
      ]
    },
    {
      "id": "q-006",
      "query": "我最近在干啥",
      "recall5": 0,
      "recall10": 0,
      "mrr": 0,
      "latencyMs": 1060,
      "rankedTopK": [
        "487a2831-22f6-4b6a-86f5-baa02237f2be",
        "3561d381-f381-40bd-b2fe-db61ce5175a9",
        "6f9f0278-ef04-4452-b925-ab2ed1b987bc",
        "62ff17ca-5e1d-4fe6-aab9-bd7b9e548edb",
        "6affd2bb-7ddb-4af9-a668-42440264ae37",
        "6f098e5f-d7af-4bd9-85f4-5de13ae7c97d",
        "1da77465-4d94-4b41-8e7e-6b266ac13a2a",
        "ef22afe8-a11d-4d68-b42a-8529cdee3b3e",
        "0ae1b143-8745-4ba5-b741-46d268c0a76f",
        "6c02b848-753d-4ed1-80f5-a86c930d1216",
        "38940e91-4b43-4569-b807-1b6b0d714748",
        "4c0b7cdf-512b-45d4-9400-4ab13cfdb1d5",
        "bb7dd9e8-c9b4-4792-a497-dd672dbe13f5",
        "3872d317-9a9c-4ead-83d6-945c876501bc",
        "9eedbb35-a005-44b1-a996-d6170f5ed532",
        "3272350d-aa3a-4b6f-94f6-fff586511ae8"
      ],
      "relevant": [
        "4718acd2-0d01-4719-a677-8bba178aab64",
        "bc5cd317-37b1-4da5-b739-338b81fad81f",
        "ee61b8a0-4b5f-49d3-996d-0a39609f4824",
        "66745404-6abd-422c-9cd9-4702c01f9a4a",
        "79446568-e755-443e-a98e-6c8324aab2c2"
      ]
    },
    {
      "id": "q-007",
      "query": "看到我最近的日子",
      "recall5": 0,
      "recall10": 0,
      "mrr": 0,
      "latencyMs": 1120,