{
  "aggregate": {
    "n": 15,
    "recall5": 0.15,
    "recall10": 0.21666666666666667,
    "mrr": 0.2887789987789987,
    "p50LatencyMs": 1082,
    "p95LatencyMs": 7906
  },
  "perQuery": [
    {
      "id": "q-001",
      "query": "我最近干了啥",
      "recall5": 0.2,
      "recall10": 0.2,
      "mrr": 0.5,
      "latencyMs": 7906,
      "rankedTopK": [
        "82bed2d5-61a9-4380-bcbc-3aa5cc404094",
        "4718acd2-0d01-4719-a677-8bba178aab64",
        "b1678faf-660d-4ef7-a10e-f21465cc4efd",
        "0a825faf-d183-4041-b831-881ff32c2e16",
        "675b84e4-6e05-45c0-8d38-a279f85c81db",
        "1497dd45-b7c5-4026-830f-f8785d115427",
        "f96203b0-ada4-40ee-bba3-59057a65a7ee",
        "3be12490-3b3b-4035-8703-f741935a6874"
      ],
      "relevant": [
        "4718acd2-0d01-4719-a677-8bba178aab64",
        "bc5cd317-37b1-4da5-b739-338b81fad81f",
        "ee61b8a0-4b5f-49d3-996d-0a39609f4824",
        "d60bb102-0a64-44d1-ba15-701f837d3442",
        "6cf9bc1a-9708-4582-b1d1-e2bbba23a976"
      ]
    },
    {
      "id": "q-004",
      "query": "看看我是什么样的人",
      "recall5": 0,
      "recall10": 0,
      "mrr": 0,
      "latencyMs": 3173,
      "rankedTopK": [
        "b8c398ed-1a3f-4c3c-8461-55e25c6ef8e1",
        "f3872f0f-49bb-4600-b56e-a395402d92e6",
        "3d6a7e5f-0494-45f6-8315-de3f62c8d1ac",
        "00457aad-8c91-4aa4-bdd3-196ab0dd4792",
        "395455fe-0531-4474-bd5c-085390a11e63",
        "03589f00-da5d-4901-887a-250057f59510",
        "30999de4-2704-4900-985f-0dd1be8e245d",
        "981471f5-5a1e-490c-85d1-c03624ff95c1",
        "a89a061a-92f0-4b64-b726-852b11719fb2",
        "87daa9a0-e948-4130-a972-e998663f2c99",
        "0c71628a-449f-421c-ac59-979e0c5f057d",
        "78a280cc-17ca-4f01-8765-bdf3a21a0773",
        "dffa0ced-b132-4614-8094-6b0e1904d406",
        "cde8eab5-83ce-453f-a802-fd80e7a4e00f",
        "28e8860e-0cd6-4f16-8005-9e76c2d07e26",
        "eb29e86c-eeb8-4b9b-b1b4-e6123475eda8"
      ],
      "relevant": [
        "4718acd2-0d01-4719-a677-8bba178aab64",
        "ee61b8a0-4b5f-49d3-996d-0a39609f4824",
        "6cf9bc1a-9708-4582-b1d1-e2bbba23a976",
        "052270c0-9b04-40ed-97dc-20bf6a2aeaf1",
        "3a334bfe-d452-4d32-941b-3bf0794001f7"
      ]
    },
    {
      "id": "q-005",
      "query": "评价一下我",
      "recall5": 0,
      "recall10": 0,
      "mrr": 0,
      "latencyMs": 1413,
      "rankedTopK": [
        "c4cd45e1-c7b3-4e28-8c57-d8a69e9cf831",
        "3d3e5036-4729-4c87-a2ed-9dd1939c40b1",
        "2d6aedac-3877-4dfd-af05-839b2a4be9fd",
        "3c8388e0-85e4-47cc-a96f-d90159945393",
        "5fee7d1f-b407-4bb2-9c21-d7abaa38ac6f",
        "921d1cff-b30b-498e-b038-91a0a053a5a1",
        "6a354537-c6c3-47e9-956a-829c78c55a5f",
        "67a119d7-3410-4ae7-96b2-255731bf0e43",
        "f305fa52-5a33-48a2-a58c-4c2bda69dd1a",
        "d4185b7a-6de8-415e-8a88-3018d7a11c97",
        "9711b487-f32c-4d92-8f32-e3d1b9ee832e",
        "efb27e9e-c383-4b51-b750-2f1dcf82ced4",
        "49381f2f-b79f-4dbd-837e-743200b71f79",
        "2e1d313c-5223-4258-96f5-0a65eda47d9f",
        "6adf00d2-5921-402a-a5f8-4bd5f96576d0",
        "b3101af2-4c51-4045-8682-36b5c26748dd"
      ],
      "relevant": [
        "4718acd2-0d01-4719-a677-8bba178aab64",
        "6cf9bc1a-9708-4582-b1d1-e2bbba23a976",
        "ee61b8a0-4b5f-49d3-996d-0a39609f4824",
        "052270c0-9b04-40ed-97dc-20bf6a2aeaf1"
      ]
    },
    {
      "id": "q-006",
      "query": "我最近在干啥",
      "recall5": 0.2,
      "recall10": 0.2,
      "mrr": 0.3333333333333333,
      "latencyMs": 679,
      "rankedTopK": [
        "1497dd45-b7c5-4026-830f-f8785d115427",
        "82bed2d5-61a9-4380-bcbc-3aa5cc404094",
        "4718acd2-0d01-4719-a677-8bba178aab64",
        "b1678faf-660d-4ef7-a10e-f21465cc4efd",
        "0a825faf-d183-4041-b831-881ff32c2e16",
        "675b84e4-6e05-45c0-8d38-a279f85c81db",
        "f96203b0-ada4-40ee-bba3-59057a65a7ee",
        "3be12490-3b3b-4035-8703-f741935a6874"
      ],
      "relevant": [
        "4718acd2-0d01-4719-a677-8bba178aab64",
        "bc5cd317-37b1-4da5-b739-338b81fad81f",
        "ee61b8a0-4b5f-49d3-996d-0a39609f4824",
        "66745404-6abd-422c-9cd9-4702c01f9a4a",
        "79446568-e755-443e-a98e-6c8324aab2c2"
      ]
    },
    {
      "id": "q-007",
      "query": "看到我最近的日子",
      "recall5": 0.2,
      "recall10": 0.2,
      "mrr": 1,
      "latencyMs": 676,
      "rankedTopK": [
        "4718acd2-0d01-4719-a677-8bba178aab64",
        "b1678faf-660d-4ef7-a10e-f21465cc4efd",
        "0a825faf-d183-4041-b831-881ff32c2e16",
        "675b84e4-6e05-45c0-8d38-a279f85c81db",
        "1497dd45-b7c5-4026-830f-f8785d115427",
        "f96203b0-ada4-40ee-bba3-59057a65a7ee",
        "3be12490-3b3b-4035-8703-f741935a6874",
        "82bed2d5-61a9-4380-bcbc-3aa5cc404094"
      ],
      "relevant": [
        "4718acd2-0d01-4719-a677-8bba178aab64",
        "bc5cd317-37b1-4da5-b739-338b81fad81f",
        "ee61b8a0-4b5f-49d3-996d-0a39609f4824",
        "d60bb102-0a64-44d1-ba15-701f837d3442",
        "ddebda23-f4ce-4127-a1a7-d82a36434bbc"
      ]
    },
    {
      "id": "q-008",
      "query": "最新的笔记",
      "recall5": 0.4,
      "recall10": 0.4,
      "mrr": 1,
      "latencyMs": 680,
      "rankedTopK": [
        "b1678faf-660d-4ef7-a10e-f21465cc4efd",
        "4718acd2-0d01-4719-a677-8bba178aab64",
        "0a825faf-d183-4041-b831-881ff32c2e16",
        "675b84e4-6e05-45c0-8d38-a279f85c81db",
        "1497dd45-b7c5-4026-830f-f8785d115427",
        "f96203b0-ada4-40ee-bba3-59057a65a7ee",
        "3be12490-3b3b-4035-8703-f741935a6874",
        "82bed2d5-61a9-4380-bcbc-3aa5cc404094"
      ],
      "relevant": [
        "4718acd2-0d01-4719-a677-8bba178aab64",
        "b1678faf-660d-4ef7-a10e-f21465cc4efd",
        "aefec373-18fd-4118-a0c4-7589a96357e7",
        "444ce7da-ff41-433d-9121-f8d64b4a8841",
        "bc5cd317-37b1-4da5-b739-338b81fad81f"
      ]
    },
    {
      "id": "q-009",
      "query": "我最近写过什么关于 RAG 的笔记",
      "recall5": 0,
      "recall10": 0,
      "mrr": 0,
      "latencyMs": 682,
      "rankedTopK": [
        "b1678faf-660d-4ef7-a10e-f21465cc4efd",
        "4718acd2-0d01-4719-a677-8bba178aab64",
        "0a825faf-d183-4041-b831-881ff32c2e16",
        "675b84e4-6e05-45c0-8d38-a279f85c81db",
        "1497dd45-b7c5-4026-830f-f8785d115427",
        "f96203b0-ada4-40ee-bba3-59057a65a7ee",
        "3be12490-3b3b-4035-8703-f741935a6874",
        "82bed2d5-61a9-4380-bcbc-3aa5cc404094"
      ],
      "relevant": [
        "aefec373-18fd-4118-a0c4-7589a96357e7",
        "444ce7da-ff41-433d-9121-f8d64b4a8841",
        "539073f0-235e-425a-83fc-2466cdf1dbec",
        "66090575-09d4-40ef-aad2-5650a7a405d1",
        "126dfc40-2e3b-41be-906b-34b782e1c4e8"
      ]
    },
    {
      "id": "q-010",
      "query": "规划一下我的职业发展",
      "recall5": 0.75,
      "recall10": 0.75,
      "mrr": 1,
      "latencyMs": 1112,
      "rankedTopK": [
        "d40dd03a-17a9-47a4-b890-548f465e6179",
        "052270c0-9b04-40ed-97dc-20bf6a2aeaf1",
        "df3848ec-5257-40b5-80f6-7c284084f598",
        "5a0ee544-208a-4192-87e2-1c43266a0628",
        "cb72703e-7c61-41a2-98e9-2cfd1c4626fc",
        "06e5e63f-4050-4588-8e2d-279cc6389b66",
        "1b00b175-3eff-4341-9bb9-7950a4910b50",
        "18831292-3d92-499b-82d9-9252cc846e7c",
        "1345a82c-d3d6-4a0c-b203-cb0ff535dd42",
        "2eb1d5ea-797d-4c41-af01-4154901bb2d6",
        "f42fe8cf-0da7-44fd-842c-633702766560",
        "6335201d-d11f-4a62-b1b8-b0faedbba62c",
        "146cf433-6dcf-4321-b29d-1d2126df4212",
        "2f185f17-14fd-4c52-8078-602390bdc97f",
        "65906581-7e48-44a2-a0aa-7d6c706dca3e",
        "1a988119-9772-487c-b88d-afa759029210"
      ],
      "relevant": [
        "052270c0-9b04-40ed-97dc-20bf6a2aeaf1",
        "d40dd03a-17a9-47a4-b890-548f465e6179",
        "df3848ec-5257-40b5-80f6-7c284084f598",
        "4c6b5464-3316-415e-89c0-212181efcda1"
      ]
    },
    {
      "id": "q-011",
      "query": "对比一下主流编程语言",
      "recall5": 0,
      "recall10": 0,
      "mrr": 0,